userId,coherence,total_ratings,max_total_ratings,min_total_ratings,max_coherence,min_coherence,user_group
1,-75.24690331388544,229,2698,17,-0.0,-283.66933299507997,LEUG
2,-17.621221870241122,29,2698,17,-0.0,-283.66933299507997,LEUG
3,-34.67740123475828,39,2698,17,-0.0,-283.66933299507997,LEUG
4,-80.62857946263398,187,2698,17,-0.0,-283.66933299507997,LEUG
5,-38.74067237503742,44,2698,17,-0.0,-283.66933299507997,LEUG
6,-86.50923310947952,314,2698,17,-0.0,-283.66933299507997,LEUG
7,-105.67904351924221,152,2698,17,-0.0,-283.66933299507997,LEUG
8,-35.69029668782581,47,2698,17,-0.0,-283.66933299507997,LEUG
9,-33.24060742755554,46,2698,17,-0.0,-283.66933299507997,LEUG
10,-78.04748932979268,140,2698,17,-0.0,-283.66933299507997,LEUG
11,-35.300822147622405,64,2698,17,-0.0,-283.66933299507997,LEUG
12,-13.87299335050324,32,2698,17,-0.0,-283.66933299507997,LEUG
13,-19.576305552971167,31,2698,17,-0.0,-283.66933299507997,LEUG
14,-27.677553414837615,48,2698,17,-0.0,-283.66933299507997,LEUG
15,-79.65001512279774,135,2698,17,-0.0,-283.66933299507997,LEUG
16,-31.549404716180735,98,2698,17,-0.0,-283.66933299507997,LEUG
17,-31.540344660810682,105,2698,17,-0.0,-283.66933299507997,LEUG
18,-85.65217151166001,502,2698,17,-0.0,-283.66933299507997,LEUG
19,-151.43968214587235,703,2698,17,-0.0,-283.66933299507997,LDUG
20,-104.52897929430794,241,2698,17,-0.0,-283.66933299507997,LEUG
21,-127.20357707684984,443,2698,17,-0.0,-283.66933299507997,LEUG
22,-101.89773244480295,119,2698,17,-0.0,-283.66933299507997,LEUG
23,-36.783749267362325,121,2698,17,-0.0,-283.66933299507997,LEUG
24,-31.83867747340696,110,2698,17,-0.0,-283.66933299507997,LEUG
25,-7.7477086198452145,26,2698,17,-0.0,-283.66933299507997,LEUG
26,-9.018015653186723,21,2698,17,-0.0,-283.66933299507997,LEUG
27,-62.452632860325444,127,2698,17,-0.0,-283.66933299507997,LEUG
28,-113.69640412321135,570,2698,17,-0.0,-283.66933299507997,LEUG
29,-36.52320909365098,81,2698,17,-0.0,-283.66933299507997,LEUG
30,-14.051349407813127,34,2698,17,-0.0,-283.66933299507997,LEUG
31,-37.08973845422198,49,2698,17,-0.0,-283.66933299507997,LEUG
32,-48.495395846575136,102,2698,17,-0.0,-283.66933299507997,LEUG
33,-56.90630515585036,149,2698,17,-0.0,-283.66933299507997,LEUG
34,-66.56585764935207,81,2698,17,-0.0,-283.66933299507997,LEUG
35,-19.157885334353832,23,2698,17,-0.0,-283.66933299507997,LEUG
36,-35.69215238567749,60,2698,17,-0.0,-283.66933299507997,LEUG
37,-20.861586825883553,21,2698,17,-0.0,-283.66933299507997,LEUG
38,-50.75762968211415,78,2698,17,-0.0,-283.66933299507997,LEUG
39,-51.72852338745357,94,2698,17,-0.0,-283.66933299507997,LEUG
40,-54.35885226481508,103,2698,17,-0.0,-283.66933299507997,LEUG
41,-98.25036995036214,217,2698,17,-0.0,-283.66933299507997,LEUG
42,-116.22305821320374,436,2698,17,-0.0,-283.66933299507997,LEUG
43,-36.87056509917727,114,2698,17,-0.0,-283.66933299507997,LEUG
44,-41.70207758711277,48,2698,17,-0.0,-283.66933299507997,LEUG
45,-108.03126274424719,399,2698,17,-0.0,-283.66933299507997,LEUG
46,-28.088519801847774,42,2698,17,-0.0,-283.66933299507997,LEUG
47,-52.00168656819558,140,2698,17,-0.0,-283.66933299507997,LEUG
48,-17.197172945585336,32,2698,17,-0.0,-283.66933299507997,LEUG
49,-5.500106880777449,21,2698,17,-0.0,-283.66933299507997,LEUG
50,-91.98046599911073,310,2698,17,-0.0,-283.66933299507997,LEUG
51,-143.36705843564823,353,2698,17,-0.0,-283.66933299507997,LDUG
52,-47.85585398946188,130,2698,17,-0.0,-283.66933299507997,LEUG
53,-0.0,20,2698,17,-0.0,-283.66933299507997,LEUG
54,-9.68567286476887,33,2698,17,-0.0,-283.66933299507997,LEUG
55,-36.13058657077667,25,2698,17,-0.0,-283.66933299507997,LEUG
56,-24.98296034070139,46,2698,17,-0.0,-283.66933299507997,LEUG
57,-143.46356162275057,469,2698,17,-0.0,-283.66933299507997,LDUG
58,-56.75736612499632,112,2698,17,-0.0,-283.66933299507997,LEUG
59,-43.29701218948747,103,2698,17,-0.0,-283.66933299507997,LEUG
60,-14.930356576713757,22,2698,17,-0.0,-283.66933299507997,LEUG
61,-21.275605466140085,39,2698,17,-0.0,-283.66933299507997,LEUG
62,-90.58972586547365,364,2698,17,-0.0,-283.66933299507997,LEUG
63,-100.80929186925927,263,2698,17,-0.0,-283.66933299507997,LEUG
64,-95.10017627783162,514,2698,17,-0.0,-283.66933299507997,LEUG
65,-16.936336476190313,34,2698,17,-0.0,-283.66933299507997,LEUG
66,-73.33881710806514,344,2698,17,-0.0,-283.66933299507997,LEUG
67,-17.051379349103527,33,2698,17,-0.0,-283.66933299507997,LEUG
68,-200.44843777128656,1260,2698,17,-0.0,-283.66933299507997,MDUG
69,-22.723513959521377,46,2698,17,-0.0,-283.66933299507997,LEUG
70,-17.538880571977742,61,2698,17,-0.0,-283.66933299507997,LEUG
71,-30.783996482629153,34,2698,17,-0.0,-283.66933299507997,LEUG
72,-15.37636887660993,45,2698,17,-0.0,-283.66933299507997,LEUG
73,-80.20623404565774,204,2698,17,-0.0,-283.66933299507997,LEUG
74,-37.85566630030375,176,2698,17,-0.0,-283.66933299507997,LEUG
75,-47.67292843802257,61,2698,17,-0.0,-283.66933299507997,LEUG
76,-73.71831862590295,119,2698,17,-0.0,-283.66933299507997,LEUG
77,-6.068198185805139,20,2698,17,-0.0,-283.66933299507997,LEUG
78,-50.83572224670101,61,2698,17,-0.0,-283.66933299507997,LEUG
79,-32.430291075042646,62,2698,17,-0.0,-283.66933299507997,LEUG
80,-32.271019792283624,167,2698,17,-0.0,-283.66933299507997,LEUG
81,-24.221279106861104,26,2698,17,-0.0,-283.66933299507997,LEUG
82,-68.62475511201268,227,2698,17,-0.0,-283.66933299507997,LEUG
83,-85.17183061104616,118,2698,17,-0.0,-283.66933299507997,LEUG
84,-60.35457540165547,292,2698,17,-0.0,-283.66933299507997,LEUG
85,-17.571299344167794,33,2698,17,-0.0,-283.66933299507997,LEUG
86,-27.798944391940186,70,2698,17,-0.0,-283.66933299507997,LEUG
87,-15.416297060631656,21,2698,17,-0.0,-283.66933299507997,LEUG
88,-31.365705064302983,56,2698,17,-0.0,-283.66933299507997,LEUG
89,-146.25806793865783,518,2698,17,-0.0,-283.66933299507997,LDUG
90,-23.49619060141911,54,2698,17,-0.0,-283.66933299507997,LEUG
91,-135.10057662299397,575,2698,17,-0.0,-283.66933299507997,LEUG
92,-13.75523880916778,24,2698,17,-0.0,-283.66933299507997,LEUG
93,-32.791779577514745,97,2698,17,-0.0,-283.66933299507997,LEUG
94,-37.43836020551722,56,2698,17,-0.0,-283.66933299507997,LEUG
95,-53.96338566006231,167,2698,17,-0.0,-283.66933299507997,LEUG
96,-54.667312869630045,75,2698,17,-0.0,-283.66933299507997,LEUG
97,-19.485262541759816,34,2698,17,-0.0,-283.66933299507997,LEUG
98,-65.34460974593206,89,2698,17,-0.0,-283.66933299507997,LEUG
99,-36.32972132979508,53,2698,17,-0.0,-283.66933299507997,LEUG
100,-34.07239368444768,145,2698,17,-0.0,-283.66933299507997,LEUG
101,-32.106979372973136,61,2698,17,-0.0,-283.66933299507997,LEUG
102,-28.94843390672941,56,2698,17,-0.0,-283.66933299507997,LEUG
103,-90.16301362596538,371,2698,17,-0.0,-283.66933299507997,LEUG
104,-73.14375090011345,273,2698,17,-0.0,-283.66933299507997,LEUG
105,-94.52352381073246,719,2698,17,-0.0,-283.66933299507997,LEUG
106,-26.091428127464674,33,2698,17,-0.0,-283.66933299507997,LEUG
107,-19.99007948555001,34,2698,17,-0.0,-283.66933299507997,LEUG
108,-36.47349008291811,74,2698,17,-0.0,-283.66933299507997,LEUG
109,-36.149200878297044,127,2698,17,-0.0,-283.66933299507997,LEUG
110,-26.55327416489568,51,2698,17,-0.0,-283.66933299507997,LEUG
111,-148.24843031285224,646,2698,17,-0.0,-283.66933299507997,LDUG
112,-48.37424095973881,59,2698,17,-0.0,-283.66933299507997,LEUG
113,-68.31458693469506,146,2698,17,-0.0,-283.66933299507997,LEUG
114,-30.67479335614721,31,2698,17,-0.0,-283.66933299507997,LEUG
115,-73.85843153504275,110,2698,17,-0.0,-283.66933299507997,LEUG
116,-55.01526476763252,87,2698,17,-0.0,-283.66933299507997,LEUG
117,-43.19171094953375,165,2698,17,-0.0,-283.66933299507997,LEUG
118,-13.706658784527772,22,2698,17,-0.0,-283.66933299507997,LEUG
119,-51.08499605584145,215,2698,17,-0.0,-283.66933299507997,LEUG
120,-20.548069679447693,22,2698,17,-0.0,-283.66933299507997,LEUG
121,-30.00712904284976,58,2698,17,-0.0,-283.66933299507997,LEUG
122,-55.30271002826362,292,2698,17,-0.0,-283.66933299507997,LEUG
123,-14.746066812550065,56,2698,17,-0.0,-283.66933299507997,LEUG
124,-22.43428192718928,49,2698,17,-0.0,-283.66933299507997,LEUG
125,-86.39112830698876,354,2698,17,-0.0,-283.66933299507997,LEUG
126,-42.79156987319025,38,2698,17,-0.0,-283.66933299507997,LEUG
127,-16.890243775596616,22,2698,17,-0.0,-283.66933299507997,LEUG
128,-17.14723472267764,32,2698,17,-0.0,-283.66933299507997,LEUG
129,-38.157560502398596,138,2698,17,-0.0,-283.66933299507997,LEUG
130,-24.847182782502067,28,2698,17,-0.0,-283.66933299507997,LEUG
131,-30.750157415670426,69,2698,17,-0.0,-283.66933299507997,LEUG
132,-90.49233028868524,347,2698,17,-0.0,-283.66933299507997,LEUG
133,-18.213338151628854,35,2698,17,-0.0,-283.66933299507997,LEUG
134,-30.355223804453786,35,2698,17,-0.0,-283.66933299507997,LEUG
135,-99.79558081904213,277,2698,17,-0.0,-283.66933299507997,LEUG
136,-71.15735397372362,111,2698,17,-0.0,-283.66933299507997,LEUG
137,-45.767364112310005,138,2698,17,-0.0,-283.66933299507997,LEUG
138,-28.007368326643984,21,2698,17,-0.0,-283.66933299507997,LEUG
139,-80.86672489071374,194,2698,17,-0.0,-283.66933299507997,LEUG
140,-115.2223384385899,608,2698,17,-0.0,-283.66933299507997,LEUG
141,-61.317490033802635,168,2698,17,-0.0,-283.66933299507997,LEUG
142,-20.03467832616878,38,2698,17,-0.0,-283.66933299507997,LEUG
143,-57.82420692501625,71,2698,17,-0.0,-283.66933299507997,LEUG
144,-48.56384565785256,128,2698,17,-0.0,-283.66933299507997,LEUG
145,-16.048074102349656,23,2698,17,-0.0,-283.66933299507997,LEUG
146,-26.65378595719618,32,2698,17,-0.0,-283.66933299507997,LEUG
147,-20.32887504262493,19,2698,17,-0.0,-283.66933299507997,LEUG
148,-24.32093268212939,47,2698,17,-0.0,-283.66933299507997,LEUG
149,-47.158276724323926,58,2698,17,-0.0,-283.66933299507997,LEUG
150,-14.485394857266837,26,2698,17,-0.0,-283.66933299507997,LEUG
151,-33.76853601877972,59,2698,17,-0.0,-283.66933299507997,LEUG
152,-27.231896549568827,63,2698,17,-0.0,-283.66933299507997,LEUG
153,-96.0453551941686,179,2698,17,-0.0,-283.66933299507997,LEUG
154,-33.39957143743509,33,2698,17,-0.0,-283.66933299507997,LEUG
155,-22.145190536428018,46,2698,17,-0.0,-283.66933299507997,LEUG
156,-90.15907504640984,390,2698,17,-0.0,-283.66933299507997,LEUG
157,-18.236675765206734,21,2698,17,-0.0,-283.66933299507997,LEUG
158,-15.146426302693296,26,2698,17,-0.0,-283.66933299507997,LEUG
159,-52.56208614766809,97,2698,17,-0.0,-283.66933299507997,LEUG
160,-196.4141562340399,437,2698,17,-0.0,-283.66933299507997,LDUG
161,-29.099508999714622,38,2698,17,-0.0,-283.66933299507997,LEUG
162,-17.648678595647386,38,2698,17,-0.0,-283.66933299507997,LEUG
163,-12.349370557714487,23,2698,17,-0.0,-283.66933299507997,LEUG
164,-25.60625737204434,36,2698,17,-0.0,-283.66933299507997,LEUG
165,-30.64425509414691,65,2698,17,-0.0,-283.66933299507997,LEUG
166,-54.971783255076055,188,2698,17,-0.0,-283.66933299507997,LEUG
167,-90.39850361772719,173,2698,17,-0.0,-283.66933299507997,LEUG
168,-32.07062006661833,94,2698,17,-0.0,-283.66933299507997,LEUG
169,-56.74788124642859,269,2698,17,-0.0,-283.66933299507997,LEUG
170,-24.90225231089896,50,2698,17,-0.0,-283.66933299507997,LEUG
171,-29.795354328323977,80,2698,17,-0.0,-283.66933299507997,LEUG
172,-12.185663705436857,26,2698,17,-0.0,-283.66933299507997,LEUG
173,-19.385087442401087,25,2698,17,-0.0,-283.66933299507997,LEUG
174,-43.98306498935742,67,2698,17,-0.0,-283.66933299507997,LEUG
175,-12.14619441560663,24,2698,17,-0.0,-283.66933299507997,LEUG
176,-21.563568295333805,36,2698,17,-0.0,-283.66933299507997,LEUG
177,-189.5100663206336,904,2698,17,-0.0,-283.66933299507997,MDUG
178,-38.008110910283385,77,2698,17,-0.0,-283.66933299507997,LEUG
179,-27.748685613742087,69,2698,17,-0.0,-283.66933299507997,LEUG
180,-14.86014086632,24,2698,17,-0.0,-283.66933299507997,LEUG
181,-54.44085467346483,118,2698,17,-0.0,-283.66933299507997,LEUG
182,-182.96178922537726,977,2698,17,-0.0,-283.66933299507997,MDUG
183,-27.35605306019321,55,2698,17,-0.0,-283.66933299507997,LEUG
184,-67.74984180381527,134,2698,17,-0.0,-283.66933299507997,LEUG
185,-33.21022610876604,47,2698,17,-0.0,-283.66933299507997,LEUG
186,-55.676808653406226,226,2698,17,-0.0,-283.66933299507997,LEUG
187,-91.35961981340247,246,2698,17,-0.0,-283.66933299507997,LEUG
188,-15.787564136525102,45,2698,17,-0.0,-283.66933299507997,LEUG
189,-8.191916181137398,20,2698,17,-0.0,-283.66933299507997,LEUG
190,-33.92551447787985,66,2698,17,-0.0,-283.66933299507997,LEUG
191,-58.76206355117728,84,2698,17,-0.0,-283.66933299507997,LEUG
192,-17.331914080703697,22,2698,17,-0.0,-283.66933299507997,LEUG
193,-27.85389194065038,32,2698,17,-0.0,-283.66933299507997,LEUG
194,-9.428018767472443,20,2698,17,-0.0,-283.66933299507997,LEUG
195,-61.5780644456616,173,2698,17,-0.0,-283.66933299507997,LEUG
196,-22.011533544272982,31,2698,17,-0.0,-283.66933299507997,LEUG
197,-28.31993435713622,34,2698,17,-0.0,-283.66933299507997,LEUG
198,-90.36719784883779,217,2698,17,-0.0,-283.66933299507997,LEUG
199,-103.38653839148306,363,2698,17,-0.0,-283.66933299507997,LEUG
200,-87.54149372422586,331,2698,17,-0.0,-283.66933299507997,LEUG
201,-53.08975704753511,109,2698,17,-0.0,-283.66933299507997,LEUG
202,-84.83885838082948,402,2698,17,-0.0,-283.66933299507997,LEUG
203,-27.708141266977208,43,2698,17,-0.0,-283.66933299507997,LEUG
204,-54.906225978257424,83,2698,17,-0.0,-283.66933299507997,LEUG
205,-14.439999946969992,27,2698,17,-0.0,-283.66933299507997,LEUG
206,-19.666913624890636,25,2698,17,-0.0,-283.66933299507997,LEUG
207,-28.384570477104987,20,2698,17,-0.0,-283.66933299507997,LEUG
208,-25.49008611001012,26,2698,17,-0.0,-283.66933299507997,LEUG
209,-24.911798662118215,34,2698,17,-0.0,-283.66933299507997,LEUG
210,-54.00136107640888,137,2698,17,-0.0,-283.66933299507997,LEUG
211,-43.467550995692754,88,2698,17,-0.0,-283.66933299507997,LEUG
212,-60.739971120279236,248,2698,17,-0.0,-283.66933299507997,LEUG
213,-32.37164536003955,84,2698,17,-0.0,-283.66933299507997,LEUG
214,-8.990408771286479,22,2698,17,-0.0,-283.66933299507997,LEUG
215,-38.140181992347166,98,2698,17,-0.0,-283.66933299507997,LEUG
216,-69.56229190356764,159,2698,17,-0.0,-283.66933299507997,LEUG
217,-121.1321241544096,613,2698,17,-0.0,-283.66933299507997,LEUG
218,-25.384877307381476,26,2698,17,-0.0,-283.66933299507997,LEUG
219,-156.0663182242327,528,2698,17,-0.0,-283.66933299507997,LDUG
220,-88.04169672962435,200,2698,17,-0.0,-283.66933299507997,LEUG
221,-71.91779300210352,330,2698,17,-0.0,-283.66933299507997,LEUG
222,-71.69443455255268,250,2698,17,-0.0,-283.66933299507997,LEUG
223,-45.17081109357812,75,2698,17,-0.0,-283.66933299507997,LEUG
224,-25.332846032083577,50,2698,17,-0.0,-283.66933299507997,LEUG
225,-36.313936464045454,74,2698,17,-0.0,-283.66933299507997,LEUG
226,-122.68726802778426,507,2698,17,-0.0,-283.66933299507997,LEUG
227,-26.340800554147226,93,2698,17,-0.0,-283.66933299507997,LEUG
228,-14.951592770597173,25,2698,17,-0.0,-283.66933299507997,LEUG
229,-28.64174481455282,65,2698,17,-0.0,-283.66933299507997,LEUG
230,-77.78256239899218,139,2698,17,-0.0,-283.66933299507997,LEUG
231,-14.87846283220444,22,2698,17,-0.0,-283.66933299507997,LEUG
232,-142.4374950913737,862,2698,17,-0.0,-283.66933299507997,LDUG
233,-55.7361882861823,150,2698,17,-0.0,-283.66933299507997,LEUG
234,-93.57016008079607,200,2698,17,-0.0,-283.66933299507997,LEUG
235,-41.47185433205027,65,2698,17,-0.0,-283.66933299507997,LEUG
236,-22.609298525491926,30,2698,17,-0.0,-283.66933299507997,LEUG
237,-23.49348141670493,50,2698,17,-0.0,-283.66933299507997,LEUG
238,-19.963968297728403,43,2698,17,-0.0,-283.66933299507997,LEUG
239,-70.35905290838699,275,2698,17,-0.0,-283.66933299507997,LEUG
240,-57.98744312578202,127,2698,17,-0.0,-283.66933299507997,LEUG
241,-25.434984713544974,75,2698,17,-0.0,-283.66933299507997,LEUG
242,-19.917929070292566,35,2698,17,-0.0,-283.66933299507997,LEUG
243,-26.11896745579219,36,2698,17,-0.0,-283.66933299507997,LEUG
244,-60.188415876832025,90,2698,17,-0.0,-283.66933299507997,LEUG
245,-11.69011125626127,21,2698,17,-0.0,-283.66933299507997,LEUG
246,-64.14304229624906,200,2698,17,-0.0,-283.66933299507997,LEUG
247,-66.50649595513934,143,2698,17,-0.0,-283.66933299507997,LEUG
248,-24.261561205272837,51,2698,17,-0.0,-283.66933299507997,LEUG
249,-134.61157402607796,1046,2698,17,-0.0,-283.66933299507997,MEUG
250,-18.959838510477393,27,2698,17,-0.0,-283.66933299507997,LEUG
251,-1.42092374996749,22,2698,17,-0.0,-283.66933299507997,LEUG
252,-20.27708164729637,37,2698,17,-0.0,-283.66933299507997,LEUG
253,-18.45554541950658,46,2698,17,-0.0,-283.66933299507997,LEUG
254,-50.397920625027915,126,2698,17,-0.0,-283.66933299507997,LEUG
255,-37.96355181916746,44,2698,17,-0.0,-283.66933299507997,LEUG
256,-40.37098522721067,172,2698,17,-0.0,-283.66933299507997,LEUG
257,-14.420317306130045,20,2698,17,-0.0,-283.66933299507997,LEUG
258,-7.240602122125207,20,2698,17,-0.0,-283.66933299507997,LEUG
259,-34.572676490902154,25,2698,17,-0.0,-283.66933299507997,LEUG
260,-44.404709194952574,139,2698,17,-0.0,-283.66933299507997,LEUG
261,-30.626798234357082,53,2698,17,-0.0,-283.66933299507997,LEUG
262,-35.56048265000257,57,2698,17,-0.0,-283.66933299507997,LEUG
263,-65.21986334711565,209,2698,17,-0.0,-283.66933299507997,LEUG
264,-42.63594894346895,53,2698,17,-0.0,-283.66933299507997,LEUG
265,-62.34472847542679,163,2698,17,-0.0,-283.66933299507997,LEUG
266,-101.80637633371106,173,2698,17,-0.0,-283.66933299507997,LEUG
267,-29.65232203438122,53,2698,17,-0.0,-283.66933299507997,LEUG
268,-74.5356035380193,129,2698,17,-0.0,-283.66933299507997,LEUG
269,-20.90186293142003,29,2698,17,-0.0,-283.66933299507997,LEUG
270,-29.44703566963001,40,2698,17,-0.0,-283.66933299507997,LEUG
271,-24.952668125488795,43,2698,17,-0.0,-283.66933299507997,LEUG
272,-16.82305947057478,30,2698,17,-0.0,-283.66933299507997,LEUG
273,-36.74966733103805,55,2698,17,-0.0,-283.66933299507997,LEUG
274,-176.1346139954325,1346,2698,17,-0.0,-283.66933299507997,MDUG
275,-95.46742501098275,387,2698,17,-0.0,-283.66933299507997,LEUG
276,-19.621387765349912,41,2698,17,-0.0,-283.66933299507997,LEUG
277,-16.07966680756301,28,2698,17,-0.0,-283.66933299507997,LEUG
278,-11.365515868169734,20,2698,17,-0.0,-283.66933299507997,LEUG
279,-64.92425882935339,176,2698,17,-0.0,-283.66933299507997,LEUG
280,-46.88165128505697,194,2698,17,-0.0,-283.66933299507997,LEUG
281,-17.033296515924015,21,2698,17,-0.0,-283.66933299507997,LEUG
282,-51.99915028898,234,2698,17,-0.0,-283.66933299507997,LEUG
283,-24.18190739584692,35,2698,17,-0.0,-283.66933299507997,LEUG
284,-46.26594608429602,88,2698,17,-0.0,-283.66933299507997,LEUG
285,-15.013090745578591,33,2698,17,-0.0,-283.66933299507997,LEUG
286,-53.20451732704897,105,2698,17,-0.0,-283.66933299507997,LEUG
287,-100.82039380316961,152,2698,17,-0.0,-283.66933299507997,LEUG
288,-168.33622700322306,1055,2698,17,-0.0,-283.66933299507997,MDUG
289,-11.953256508804605,24,2698,17,-0.0,-283.66933299507997,LEUG
290,-59.85897091523801,267,2698,17,-0.0,-283.66933299507997,LEUG
291,-19.65557562811019,30,2698,17,-0.0,-283.66933299507997,LEUG
292,-116.57818995830304,446,2698,17,-0.0,-283.66933299507997,LEUG
293,-15.100347479100478,21,2698,17,-0.0,-283.66933299507997,LEUG
294,-130.69410045351577,437,2698,17,-0.0,-283.66933299507997,LEUG
295,-42.288993910760595,39,2698,17,-0.0,-283.66933299507997,LEUG
296,-21.193074350122725,25,2698,17,-0.0,-283.66933299507997,LEUG
297,-51.473407723312604,72,2698,17,-0.0,-283.66933299507997,LEUG
298,-191.68061536201196,939,2698,17,-0.0,-283.66933299507997,MDUG
299,-15.596543169249593,23,2698,17,-0.0,-283.66933299507997,LEUG
300,-16.99868182137113,32,2698,17,-0.0,-283.66933299507997,LEUG
301,-63.74844786554725,108,2698,17,-0.0,-283.66933299507997,LEUG
302,-23.43117809594051,32,2698,17,-0.0,-283.66933299507997,LEUG
303,-28.59045845615183,53,2698,17,-0.0,-283.66933299507997,LEUG
304,-78.25196535155374,211,2698,17,-0.0,-283.66933299507997,LEUG
305,-142.24236867013013,662,2698,17,-0.0,-283.66933299507997,LDUG
306,-43.488039053100316,112,2698,17,-0.0,-283.66933299507997,LEUG
307,-192.01418437691822,975,2698,17,-0.0,-283.66933299507997,MDUG
308,-83.21945493621655,115,2698,17,-0.0,-283.66933299507997,LEUG
309,-36.253929314971266,100,2698,17,-0.0,-283.66933299507997,LEUG
310,-55.49746416994681,63,2698,17,-0.0,-283.66933299507997,LEUG
311,-27.28889874123836,28,2698,17,-0.0,-283.66933299507997,LEUG
312,-75.72445078569781,223,2698,17,-0.0,-283.66933299507997,LEUG
313,-132.06841165877736,326,2698,17,-0.0,-283.66933299507997,LEUG
314,-55.361848959980314,128,2698,17,-0.0,-283.66933299507997,LEUG
315,-18.37819187878554,33,2698,17,-0.0,-283.66933299507997,LEUG
316,-29.770326895423754,53,2698,17,-0.0,-283.66933299507997,LEUG
317,-63.507213414939955,174,2698,17,-0.0,-283.66933299507997,LEUG
318,-100.34839953213466,879,2698,17,-0.0,-283.66933299507997,LEUG
319,-20.81345160607569,35,2698,17,-0.0,-283.66933299507997,LEUG
320,-11.298214057682681,20,2698,17,-0.0,-283.66933299507997,LEUG
321,-30.937299859849233,56,2698,17,-0.0,-283.66933299507997,LEUG
322,-51.086123524788505,107,2698,17,-0.0,-283.66933299507997,LEUG
323,-44.30564935774259,98,2698,17,-0.0,-283.66933299507997,LEUG
324,-19.372806493615716,21,2698,17,-0.0,-283.66933299507997,LEUG
325,-84.15342950533483,270,2698,17,-0.0,-283.66933299507997,LEUG
326,-44.38901429932218,144,2698,17,-0.0,-283.66933299507997,LEUG
327,-33.475173445342506,48,2698,17,-0.0,-283.66933299507997,LEUG
328,-132.97714660384082,255,2698,17,-0.0,-283.66933299507997,LEUG
329,-34.40886628979781,23,2698,17,-0.0,-283.66933299507997,LEUG
330,-98.08224461362705,242,2698,17,-0.0,-283.66933299507997,LEUG
331,-79.36965101319781,167,2698,17,-0.0,-283.66933299507997,LEUG
332,-71.64805289921786,267,2698,17,-0.0,-283.66933299507997,LEUG
333,-19.043307087484038,25,2698,17,-0.0,-283.66933299507997,LEUG
334,-40.43191498820549,154,2698,17,-0.0,-283.66933299507997,LEUG
335,-23.294089229695228,28,2698,17,-0.0,-283.66933299507997,LEUG
336,-26.482950611416573,56,2698,17,-0.0,-283.66933299507997,LEUG
337,-36.19056592090476,77,2698,17,-0.0,-283.66933299507997,LEUG
338,-42.41102267301829,39,2698,17,-0.0,-283.66933299507997,LEUG
339,-85.27156052471189,359,2698,17,-0.0,-283.66933299507997,LEUG
340,-17.09981123824109,28,2698,17,-0.0,-283.66933299507997,LEUG
341,-24.267384647049777,52,2698,17,-0.0,-283.66933299507997,LEUG
342,-32.76981391162562,66,2698,17,-0.0,-283.66933299507997,LEUG
343,-36.32237723586173,57,2698,17,-0.0,-283.66933299507997,LEUG
344,-51.425605340892844,63,2698,17,-0.0,-283.66933299507997,LEUG
345,-25.484001761079885,62,2698,17,-0.0,-283.66933299507997,LEUG
346,-41.55278687387669,164,2698,17,-0.0,-283.66933299507997,LEUG
347,-20.82551834161919,45,2698,17,-0.0,-283.66933299507997,LEUG
348,-15.370444199385094,55,2698,17,-0.0,-283.66933299507997,LEUG
349,-27.647166295470708,37,2698,17,-0.0,-283.66933299507997,LEUG
350,-17.729472358793537,40,2698,17,-0.0,-283.66933299507997,LEUG
351,-45.53787192013871,141,2698,17,-0.0,-283.66933299507997,LEUG
352,-90.3288191650697,289,2698,17,-0.0,-283.66933299507997,LEUG
353,-55.02478988158662,90,2698,17,-0.0,-283.66933299507997,LEUG
354,-56.43168621742936,225,2698,17,-0.0,-283.66933299507997,LEUG
355,-15.060013562990708,26,2698,17,-0.0,-283.66933299507997,LEUG
356,-71.73262846625337,288,2698,17,-0.0,-283.66933299507997,LEUG
357,-80.71289493630634,380,2698,17,-0.0,-283.66933299507997,LEUG
358,-36.70020894052581,40,2698,17,-0.0,-283.66933299507997,LEUG
359,-42.510878904548605,74,2698,17,-0.0,-283.66933299507997,LEUG
360,-31.765892522058223,25,2698,17,-0.0,-283.66933299507997,LEUG
361,-51.62321309590109,97,2698,17,-0.0,-283.66933299507997,LEUG
362,-30.615489411068022,109,2698,17,-0.0,-283.66933299507997,LEUG
363,-25.383558242304655,30,2698,17,-0.0,-283.66933299507997,LEUG
364,-18.562819011976064,21,2698,17,-0.0,-283.66933299507997,LEUG
365,-99.02148308998557,277,2698,17,-0.0,-283.66933299507997,LEUG
366,-14.091438421495216,30,2698,17,-0.0,-283.66933299507997,LEUG
367,-70.64878693224694,180,2698,17,-0.0,-283.66933299507997,LEUG
368,-100.69934616722114,469,2698,17,-0.0,-283.66933299507997,LEUG
369,-44.29119365061156,129,2698,17,-0.0,-283.66933299507997,LEUG
370,-48.3240093677078,93,2698,17,-0.0,-283.66933299507997,LEUG
371,-18.754763172374584,41,2698,17,-0.0,-283.66933299507997,LEUG
372,-95.08262243336625,236,2698,17,-0.0,-283.66933299507997,LEUG
373,-73.52847943250616,100,2698,17,-0.0,-283.66933299507997,LEUG
374,-25.58859783294273,33,2698,17,-0.0,-283.66933299507997,LEUG
375,-29.444088279846557,33,2698,17,-0.0,-283.66933299507997,LEUG
376,-46.48719434623075,131,2698,17,-0.0,-283.66933299507997,LEUG
377,-56.595049367797,131,2698,17,-0.0,-283.66933299507997,LEUG
378,-20.770849081777435,47,2698,17,-0.0,-283.66933299507997,LEUG
379,-27.627512696165166,36,2698,17,-0.0,-283.66933299507997,LEUG
380,-223.43370413076454,1213,2698,17,-0.0,-283.66933299507997,MDUG
381,-122.466909953604,474,2698,17,-0.0,-283.66933299507997,LEUG
382,-114.83272096115762,291,2698,17,-0.0,-283.66933299507997,LEUG
383,-22.003399888690353,34,2698,17,-0.0,-283.66933299507997,LEUG
384,-46.52656556298577,70,2698,17,-0.0,-283.66933299507997,LEUG
385,-75.32841205549515,201,2698,17,-0.0,-283.66933299507997,LEUG
386,-36.90943228257361,68,2698,17,-0.0,-283.66933299507997,LEUG
387,-161.29165008397695,1027,2698,17,-0.0,-283.66933299507997,MDUG
388,-31.141870786369825,29,2698,17,-0.0,-283.66933299507997,LEUG
389,-20.31440223345711,34,2698,17,-0.0,-283.66933299507997,LEUG
390,-38.631224337352414,78,2698,17,-0.0,-283.66933299507997,LEUG
391,-125.00941614420316,366,2698,17,-0.0,-283.66933299507997,LEUG
392,-25.49580745026836,25,2698,17,-0.0,-283.66933299507997,LEUG
393,-65.80337215446292,107,2698,17,-0.0,-283.66933299507997,LEUG
394,-21.359921907051298,23,2698,17,-0.0,-283.66933299507997,LEUG
395,-35.5660072846682,61,2698,17,-0.0,-283.66933299507997,LEUG
396,-35.854149332535656,28,2698,17,-0.0,-283.66933299507997,LEUG
397,-10.712264973473136,23,2698,17,-0.0,-283.66933299507997,LEUG
398,-28.95299515953407,44,2698,17,-0.0,-283.66933299507997,LEUG
399,-31.0076149634742,34,2698,17,-0.0,-283.66933299507997,LEUG
400,-21.078773177095428,43,2698,17,-0.0,-283.66933299507997,LEUG
401,-31.605216058606537,72,2698,17,-0.0,-283.66933299507997,LEUG
402,-27.673144815395055,48,2698,17,-0.0,-283.66933299507997,LEUG
403,-22.43833647068969,34,2698,17,-0.0,-283.66933299507997,LEUG
404,-20.606299091044065,60,2698,17,-0.0,-283.66933299507997,LEUG
405,-28.388661979597167,120,2698,17,-0.0,-283.66933299507997,LEUG
406,-25.49161849182018,20,2698,17,-0.0,-283.66933299507997,LEUG
407,-19.84767204148563,22,2698,17,-0.0,-283.66933299507997,LEUG
408,-44.832078516990116,139,2698,17,-0.0,-283.66933299507997,LEUG
409,-44.62728963168237,124,2698,17,-0.0,-283.66933299507997,LEUG
410,-45.670566419673996,162,2698,17,-0.0,-283.66933299507997,LEUG
411,-59.15534311119682,127,2698,17,-0.0,-283.66933299507997,LEUG
412,-48.9258643199096,99,2698,17,-0.0,-283.66933299507997,LEUG
413,-23.03395894758428,53,2698,17,-0.0,-283.66933299507997,LEUG
414,-283.66933299507997,2698,2698,17,-0.0,-283.66933299507997,HDUG
415,-33.30015241822977,94,2698,17,-0.0,-283.66933299507997,LEUG
416,-50.3540261340247,51,2698,17,-0.0,-283.66933299507997,LEUG
417,-28.795998676258435,64,2698,17,-0.0,-283.66933299507997,LEUG
418,-81.12067639723692,89,2698,17,-0.0,-283.66933299507997,LEUG
419,-64.79163994683361,150,2698,17,-0.0,-283.66933299507997,LEUG
420,-38.28294329711028,141,2698,17,-0.0,-283.66933299507997,LEUG
421,-26.147137681471435,37,2698,17,-0.0,-283.66933299507997,LEUG
422,-51.325746405186294,93,2698,17,-0.0,-283.66933299507997,LEUG
423,-24.511083637861457,21,2698,17,-0.0,-283.66933299507997,LEUG
424,-50.136384491721834,138,2698,17,-0.0,-283.66933299507997,LEUG
425,-58.053522200359566,306,2698,17,-0.0,-283.66933299507997,LEUG
426,-51.69044001075215,80,2698,17,-0.0,-283.66933299507997,LEUG
427,-41.68005953652025,84,2698,17,-0.0,-283.66933299507997,LEUG
428,-102.718132383541,300,2698,17,-0.0,-283.66933299507997,LEUG
429,-33.44341725150115,58,2698,17,-0.0,-283.66933299507997,LEUG
430,-40.9209871305747,58,2698,17,-0.0,-283.66933299507997,LEUG
431,-20.33526215431024,20,2698,17,-0.0,-283.66933299507997,LEUG
432,-76.5366161857927,256,2698,17,-0.0,-283.66933299507997,LEUG
433,-15.386957045461221,21,2698,17,-0.0,-283.66933299507997,LEUG
434,-97.58675590434216,230,2698,17,-0.0,-283.66933299507997,LEUG
435,-16.486643033485056,42,2698,17,-0.0,-283.66933299507997,LEUG
436,-38.59263825347144,106,2698,17,-0.0,-283.66933299507997,LEUG
437,-49.081861869541704,121,2698,17,-0.0,-283.66933299507997,LEUG
438,-135.57446507386246,635,2698,17,-0.0,-283.66933299507997,LEUG
439,-16.664216872948483,21,2698,17,-0.0,-283.66933299507997,LEUG
440,-16.059612125226526,33,2698,17,-0.0,-283.66933299507997,LEUG
441,-16.596504626677437,44,2698,17,-0.0,-283.66933299507997,LEUG
442,-7.648105553900187,20,2698,17,-0.0,-283.66933299507997,LEUG
443,-21.44538150333813,36,2698,17,-0.0,-283.66933299507997,LEUG
444,-28.27197880985253,42,2698,17,-0.0,-283.66933299507997,LEUG
445,-39.32185274508804,73,2698,17,-0.0,-283.66933299507997,LEUG
446,-47.36275243134563,84,2698,17,-0.0,-283.66933299507997,LEUG
447,-41.75430521822893,78,2698,17,-0.0,-283.66933299507997,LEUG
448,-261.9844367691276,1864,2698,17,-0.0,-283.66933299507997,HDUG
449,-27.096999607879678,38,2698,17,-0.0,-283.66933299507997,LEUG
450,-16.18943841161973,50,2698,17,-0.0,-283.66933299507997,LEUG
451,-28.411849789359223,34,2698,17,-0.0,-283.66933299507997,LEUG
452,-45.094684182399135,201,2698,17,-0.0,-283.66933299507997,LEUG
453,-94.710660426818,309,2698,17,-0.0,-283.66933299507997,LEUG
454,-21.09443245788171,45,2698,17,-0.0,-283.66933299507997,LEUG
455,-27.021859554510378,57,2698,17,-0.0,-283.66933299507997,LEUG
456,-26.14970464396683,43,2698,17,-0.0,-283.66933299507997,LEUG
457,-39.4129134401702,50,2698,17,-0.0,-283.66933299507997,LEUG
458,-32.206013269156244,57,2698,17,-0.0,-283.66933299507997,LEUG
459,-19.417520794879884,26,2698,17,-0.0,-283.66933299507997,LEUG
460,-34.39108401940296,82,2698,17,-0.0,-283.66933299507997,LEUG
461,-18.925697319364843,23,2698,17,-0.0,-283.66933299507997,LEUG
462,-132.03850180337028,455,2698,17,-0.0,-283.66933299507997,LEUG
463,-17.228147663686403,33,2698,17,-0.0,-283.66933299507997,LEUG
464,-69.71740338869783,135,2698,17,-0.0,-283.66933299507997,LEUG
465,-43.82076086293846,115,2698,17,-0.0,-283.66933299507997,LEUG
466,-40.47599032255829,111,2698,17,-0.0,-283.66933299507997,LEUG
467,-22.088099323388008,22,2698,17,-0.0,-283.66933299507997,LEUG
468,-31.30607195143336,33,2698,17,-0.0,-283.66933299507997,LEUG
469,-121.56010769203033,461,2698,17,-0.0,-283.66933299507997,LEUG
470,-34.53600136122015,80,2698,17,-0.0,-283.66933299507997,LEUG
471,-28.12316038601377,28,2698,17,-0.0,-283.66933299507997,LEUG
472,-10.94782612679857,28,2698,17,-0.0,-283.66933299507997,LEUG
473,-26.006086100365454,37,2698,17,-0.0,-283.66933299507997,LEUG
474,-213.70946824540022,2108,2698,17,-0.0,-283.66933299507997,HDUG
475,-38.81579771940461,155,2698,17,-0.0,-283.66933299507997,LEUG
476,-34.84774694201242,69,2698,17,-0.0,-283.66933299507997,LEUG
477,-139.79917415646293,597,2698,17,-0.0,-283.66933299507997,LEUG
478,-24.768387163949242,22,2698,17,-0.0,-283.66933299507997,LEUG
479,-83.73507460187346,181,2698,17,-0.0,-283.66933299507997,LEUG
480,-175.12659805351575,836,2698,17,-0.0,-283.66933299507997,LDUG
481,-22.52790929979971,31,2698,17,-0.0,-283.66933299507997,LEUG
482,-69.66735922519025,126,2698,17,-0.0,-283.66933299507997,LEUG
483,-167.18700677754615,720,2698,17,-0.0,-283.66933299507997,LDUG
484,-67.63551762480334,264,2698,17,-0.0,-283.66933299507997,LEUG
485,-28.225039087655876,23,2698,17,-0.0,-283.66933299507997,LEUG
486,-39.2093568716489,56,2698,17,-0.0,-283.66933299507997,LEUG
487,-33.36773589772544,56,2698,17,-0.0,-283.66933299507997,LEUG
488,-57.609347334880795,104,2698,17,-0.0,-283.66933299507997,LEUG
489,-184.73084304677155,648,2698,17,-0.0,-283.66933299507997,LDUG
490,-44.842686145756005,113,2698,17,-0.0,-283.66933299507997,LEUG
491,-17.7668429728327,62,2698,17,-0.0,-283.66933299507997,LEUG
492,-43.99199087611754,120,2698,17,-0.0,-283.66933299507997,LEUG
493,-36.80301058045471,58,2698,17,-0.0,-283.66933299507997,LEUG
494,-14.545061276847164,21,2698,17,-0.0,-283.66933299507997,LEUG
495,-97.83725847343084,259,2698,17,-0.0,-283.66933299507997,LEUG
496,-21.943747572101998,29,2698,17,-0.0,-283.66933299507997,LEUG
497,-37.51909660925447,45,2698,17,-0.0,-283.66933299507997,LEUG
498,-25.45344586934531,35,2698,17,-0.0,-283.66933299507997,LEUG
499,-21.3730292619387,27,2698,17,-0.0,-283.66933299507997,LEUG
500,-52.21496413125461,78,2698,17,-0.0,-283.66933299507997,LEUG
501,-36.55796800070136,45,2698,17,-0.0,-283.66933299507997,LEUG
502,-40.71608633693927,33,2698,17,-0.0,-283.66933299507997,LEUG
503,-54.92115771287507,95,2698,17,-0.0,-283.66933299507997,LEUG
504,-26.40929838936974,87,2698,17,-0.0,-283.66933299507997,LEUG
505,-24.78227621822351,30,2698,17,-0.0,-283.66933299507997,LEUG
506,-32.39778089343261,42,2698,17,-0.0,-283.66933299507997,LEUG
507,-12.73587774208197,21,2698,17,-0.0,-283.66933299507997,LEUG
508,-15.469808185991745,24,2698,17,-0.0,-283.66933299507997,LEUG
509,-94.9119683113087,467,2698,17,-0.0,-283.66933299507997,LEUG
510,-62.68550637110174,108,2698,17,-0.0,-283.66933299507997,LEUG
511,-21.89922466409903,52,2698,17,-0.0,-283.66933299507997,LEUG
512,-30.622270398594054,50,2698,17,-0.0,-283.66933299507997,LEUG
513,-20.678206462542427,32,2698,17,-0.0,-283.66933299507997,LEUG
514,-106.4060989110214,397,2698,17,-0.0,-283.66933299507997,LEUG
515,-8.318497457319742,26,2698,17,-0.0,-283.66933299507997,LEUG
516,-17.799037035390533,26,2698,17,-0.0,-283.66933299507997,LEUG
517,-168.80771984612093,400,2698,17,-0.0,-283.66933299507997,LDUG
518,-24.977541965550643,24,2698,17,-0.0,-283.66933299507997,LEUG
519,-11.718414748915094,26,2698,17,-0.0,-283.66933299507997,LEUG
520,-59.38512164453172,182,2698,17,-0.0,-283.66933299507997,LEUG
521,-17.490364415793234,40,2698,17,-0.0,-283.66933299507997,LEUG
522,-76.06844374396233,190,2698,17,-0.0,-283.66933299507997,LEUG
523,-20.942068584445515,74,2698,17,-0.0,-283.66933299507997,LEUG
524,-65.78503505219736,131,2698,17,-0.0,-283.66933299507997,LEUG
525,-97.96822749317772,500,2698,17,-0.0,-283.66933299507997,LEUG
526,-19.6360075759849,58,2698,17,-0.0,-283.66933299507997,LEUG
527,-66.54486161476292,163,2698,17,-0.0,-283.66933299507997,LEUG
528,-55.265327773014285,73,2698,17,-0.0,-283.66933299507997,LEUG
529,-20.527274319579934,25,2698,17,-0.0,-283.66933299507997,LEUG
530,-18.50611712824355,27,2698,17,-0.0,-283.66933299507997,LEUG
531,-13.16453996083399,20,2698,17,-0.0,-283.66933299507997,LEUG
532,-22.660305722060478,49,2698,17,-0.0,-283.66933299507997,LEUG
533,-24.837426064433803,37,2698,17,-0.0,-283.66933299507997,LEUG
534,-96.78481560395659,515,2698,17,-0.0,-283.66933299507997,LEUG
535,-31.918629879074892,30,2698,17,-0.0,-283.66933299507997,LEUG
536,-36.56746706877061,40,2698,17,-0.0,-283.66933299507997,LEUG
537,-24.202923920510422,44,2698,17,-0.0,-283.66933299507997,LEUG
538,-14.105921271765288,37,2698,17,-0.0,-283.66933299507997,LEUG
539,-23.65813787348503,37,2698,17,-0.0,-283.66933299507997,LEUG
540,-28.097781902070214,42,2698,17,-0.0,-283.66933299507997,LEUG
541,-58.032458780263646,87,2698,17,-0.0,-283.66933299507997,LEUG
542,-69.66970739394947,105,2698,17,-0.0,-283.66933299507997,LEUG
543,-18.58990105156261,71,2698,17,-0.0,-283.66933299507997,LEUG
544,-15.893502263701963,22,2698,17,-0.0,-283.66933299507997,LEUG
545,-17.877765695750504,23,2698,17,-0.0,-283.66933299507997,LEUG
546,-37.69519804127206,61,2698,17,-0.0,-283.66933299507997,LEUG
547,-11.734184162687502,20,2698,17,-0.0,-283.66933299507997,LEUG
548,-18.764536223579487,26,2698,17,-0.0,-283.66933299507997,LEUG
549,-16.9293713390533,17,2698,17,-0.0,-283.66933299507997,LEUG
550,-16.552556595919974,28,2698,17,-0.0,-283.66933299507997,LEUG
551,-44.29671302420332,119,2698,17,-0.0,-283.66933299507997,LEUG
552,-95.27570215801663,188,2698,17,-0.0,-283.66933299507997,LEUG
553,-24.49656923345219,82,2698,17,-0.0,-283.66933299507997,LEUG
554,-54.75426330358072,83,2698,17,-0.0,-283.66933299507997,LEUG
555,-139.81235976090363,578,2698,17,-0.0,-283.66933299507997,LEUG
556,-15.864107124577252,32,2698,17,-0.0,-283.66933299507997,LEUG
557,-19.807203737163224,27,2698,17,-0.0,-283.66933299507997,LEUG
558,-36.74092537229079,55,2698,17,-0.0,-283.66933299507997,LEUG
559,-57.95192579686574,140,2698,17,-0.0,-283.66933299507997,LEUG
560,-76.6181872583851,458,2698,17,-0.0,-283.66933299507997,LEUG
561,-127.04654273629416,505,2698,17,-0.0,-283.66933299507997,LEUG
562,-61.557795445726036,229,2698,17,-0.0,-283.66933299507997,LEUG
563,-51.09544588767234,213,2698,17,-0.0,-283.66933299507997,LEUG
564,-46.99071523785936,157,2698,17,-0.0,-283.66933299507997,LEUG
565,-19.046893102123438,29,2698,17,-0.0,-283.66933299507997,LEUG
566,-44.36697502321401,73,2698,17,-0.0,-283.66933299507997,LEUG
567,-146.51651149174344,385,2698,17,-0.0,-283.66933299507997,LDUG
568,-13.670998789529687,23,2698,17,-0.0,-283.66933299507997,LEUG
569,-15.221050929739462,20,2698,17,-0.0,-283.66933299507997,LEUG
570,-52.91814370668841,191,2698,17,-0.0,-283.66933299507997,LEUG
571,-49.71807008992886,112,2698,17,-0.0,-283.66933299507997,LEUG
572,-59.89914944414816,151,2698,17,-0.0,-283.66933299507997,LEUG
573,-100.44757968850584,290,2698,17,-0.0,-283.66933299507997,LEUG
574,-20.289719589788625,23,2698,17,-0.0,-283.66933299507997,LEUG
575,-20.78253372870405,36,2698,17,-0.0,-283.66933299507997,LEUG
576,-28.256792801750507,20,2698,17,-0.0,-283.66933299507997,LEUG
577,-62.59423495132356,160,2698,17,-0.0,-283.66933299507997,LEUG
578,-20.444546884229993,27,2698,17,-0.0,-283.66933299507997,LEUG
579,-40.941993907075336,71,2698,17,-0.0,-283.66933299507997,LEUG
580,-105.92509132830456,412,2698,17,-0.0,-283.66933299507997,LEUG
581,-15.109841264939483,40,2698,17,-0.0,-283.66933299507997,LEUG
582,-31.863605332182512,56,2698,17,-0.0,-283.66933299507997,LEUG
583,-25.062506923176638,56,2698,17,-0.0,-283.66933299507997,LEUG
584,-45.655695266550765,83,2698,17,-0.0,-283.66933299507997,LEUG
585,-14.272665308546866,58,2698,17,-0.0,-283.66933299507997,LEUG
586,-51.261749606290664,200,2698,17,-0.0,-283.66933299507997,LEUG
587,-50.82183702237815,162,2698,17,-0.0,-283.66933299507997,LEUG
588,-34.2563716368643,56,2698,17,-0.0,-283.66933299507997,LEUG
589,-22.339797184273216,39,2698,17,-0.0,-283.66933299507997,LEUG
590,-129.95277558137678,728,2698,17,-0.0,-283.66933299507997,LEUG
591,-39.19504196571097,54,2698,17,-0.0,-283.66933299507997,LEUG
592,-57.79678274203226,94,2698,17,-0.0,-283.66933299507997,LEUG
593,-57.973030967414076,103,2698,17,-0.0,-283.66933299507997,LEUG
594,-88.4091330220936,227,2698,17,-0.0,-283.66933299507997,LEUG
595,-12.191148728230473,19,2698,17,-0.0,-283.66933299507997,LEUG
596,-91.01441558405371,411,2698,17,-0.0,-283.66933299507997,LEUG
597,-122.13379550653671,439,2698,17,-0.0,-283.66933299507997,LEUG
598,-29.92619680888494,20,2698,17,-0.0,-283.66933299507997,LEUG
599,-242.11516679143134,2478,2698,17,-0.0,-283.66933299507997,HDUG
600,-177.0875506392905,763,2698,17,-0.0,-283.66933299507997,LDUG
601,-28.592368071391252,101,2698,17,-0.0,-283.66933299507997,LEUG
602,-56.493921836061816,135,2698,17,-0.0,-283.66933299507997,LEUG
603,-179.73235163277315,907,2698,17,-0.0,-283.66933299507997,MDUG
604,-42.182146042750695,100,2698,17,-0.0,-283.66933299507997,LEUG
605,-79.72753913173229,221,2698,17,-0.0,-283.66933299507997,LEUG
606,-140.50669864767283,1114,2698,17,-0.0,-283.66933299507997,MEUG
607,-68.052035868941,181,2698,17,-0.0,-283.66933299507997,LEUG
608,-182.45578183335112,831,2698,17,-0.0,-283.66933299507997,LDUG
609,-11.03281954783381,37,2698,17,-0.0,-283.66933299507997,LEUG
610,-192.72503743483767,1302,2698,17,-0.0,-283.66933299507997,MDUG
